budget,high_margin,low_margin,high_degree,low_degree,other,total,time,time_defense
1,"(0.0, 0.0)","(0.37333333333333335, 0.19073791542572854)","(0.0, 0.0)","(0.0, 0.0)","(0.08666666666666667, 0.0990430401872025)","(0.092, 0.04887301329539062)","(0.16967541873455047, 0.009750473712610732)","(2.701998581799368, 0.7655786740578878)"
2,"(0.0, 0.0)","(0.6133333333333333, 0.10600988273786192)","(0.0, 0.0)","(0.1, 0.11338934190276818)","(0.32, 0.15675276256394516)","(0.20666666666666667, 0.03677473252630062)","(0.35510916654020547, 0.0372729687288732)","(2.5756048652033012, 0.8051786743120581)"
3,"(0.0, 0.0)","(0.5733333333333334, 0.13345232785352157)","(0.0, 0.0)","(0.26666666666666666, 0.27688746209726917)","(0.34, 0.188224789622864)","(0.23600000000000002, 0.07452708040897425)","(0.5741766756400466, 0.03035026724601423)","(2.5742289289211233, 0.8070056714895815)"
4,"(0.0, 0.0)","(0.5533333333333333, 0.13557637102737474)","(0.0, 0.0)","(0.42, 0.23052734575936354)","(0.36, 0.15491933384829668)","(0.26666666666666666, 0.06078847008469695)","(0.8674906803295016, 0.03284362764827229)","(2.658611544097463, 0.758672152708693)"
5,"(0.0, 0.0)","(0.5599999999999999, 0.1804755622554715)","(0.0, 0.0)","(0.42, 0.2569046515733026)","(0.38666666666666666, 0.14074631010979935)","(0.2733333333333333, 0.05839112783226412)","(1.2382638900230327, 0.08252844678423336)","(2.4640095834930738, 0.8071108450656792)"
